Scenarios,Distance,Height,Section,Degree of inclination,Production output
scenario 1,20%,-70%,1,56,100%
scenario 2,20%,-60%,1,63,100%
scenario 3,20%,-50%,1,68,100%
scenario 4,20%,-40%,1,71,100%
scenario 5,20%,-30%,1,74,100%
scenario 6,20%,-20%,1,75,100%
scenario 7,20%,-10%,1,77,97%
scenario 8,20%,0%,1,78,89%
scenario 9,20%,10%,1,79,73%
scenario 10,20%,20%,1,80,57%
scenario 11,20%,30%,1,81,51%
scenario 12,20%,40%,1,81,48%
scenario 13,20%,50%,1,82,46%
scenario 14,20%,60%,1,82,45%
scenario 15,20%,70%,1,83,45%
scenario 16,20%,80%,1,83,45%
scenario 17,20%,90%,1,83,45%
scenario 18,20%,100%,1,84,44%
scenario 19,20%,150%,1,85,44%
scenario 20,20%,200%,1,86,43%
scenario 21,20%,250%,1,86,43%
scenario 22,20%,300%,1,87,43%
scenario 23,20%,-70%,0.8,26,100%
scenario 24,20%,-60%,0.8,45,100%
scenario 25,20%,-50%,0.8,56,100%
scenario 26,20%,-40%,0.8,63,100%
scenario 27,20%,-30%,0.8,68,97%
scenario 28,20%,-20%,0.8,71,89%
scenario 29,20%,-10%,0.8,74,73%
scenario 30,20%,0%,0.8,75,57%
scenario 31,20%,10%,0.8,77,51%
scenario 32,20%,20%,0.8,78,48%
scenario 33,20%,30%,0.8,79,46%
scenario 34,20%,40%,0.8,80,45%
scenario 35,20%,50%,0.8,81,45%
scenario 36,20%,60%,0.8,81,45%
scenario 37,20%,70%,0.8,82,45%
scenario 38,20%,80%,0.8,82,44%
scenario 39,20%,90%,0.8,83,44%
scenario 40,20%,100%,0.8,83,44%
scenario 41,20%,150%,0.8,85,43%
scenario 42,20%,200%,0.8,85,43%
scenario 43,20%,250%,0.8,86,43%
scenario 44,20%,300%,0.8,86,43%
scenario 45,20%,-70%,0.6,65,100%
scenario 46,20%,-60%,0.6,65,100%
scenario 47,20%,-50%,0.6,26,97%
scenario 48,20%,-40%,0.6,45,89%
scenario 49,20%,-30%,0.6,56,73%
scenario 50,20%,-20%,0.6,63,57%
scenario 51,20%,-10%,0.6,68,51%
scenario 52,20%,0%,0.6,71,48%
scenario 53,20%,10%,0.6,74,46%
scenario 54,20%,20%,0.6,75,45%
scenario 55,20%,30%,0.6,77,45%
scenario 56,20%,40%,0.6,78,45%
scenario 57,20%,50%,0.6,79,44%
scenario 58,20%,60%,0.6,80,44%
scenario 59,20%,70%,0.6,81,44%
scenario 60,20%,80%,0.6,81,44%
scenario 61,20%,90%,0.6,82,44%
scenario 62,20%,100%,0.6,82,44%
scenario 63,20%,150%,0.6,84,43%
scenario 64,20%,200%,0.6,85,43%
scenario 65,20%,250%,0.6,86,43%
scenario 66,20%,300%,0.6,86,43%
scenario 67,20%,-70%,0.4,65,97%
scenario 68,20%,-60%,0.4,65,89%
scenario 69,20%,-50%,0.4,65,73%
scenario 70,20%,-40%,0.4,65,57%
scenario 71,20%,-30%,0.4,26,51%
scenario 72,20%,-20%,0.4,45,48%
scenario 73,20%,-10%,0.4,56,46%
scenario 74,20%,0%,0.4,63,45%
scenario 75,20%,10%,0.4,68,45%
scenario 76,20%,20%,0.4,71,45%
scenario 77,20%,30%,0.4,74,44%
scenario 78,20%,40%,0.4,75,44%
scenario 79,20%,50%,0.4,77,44%
scenario 80,20%,60%,0.4,78,44%
scenario 81,20%,70%,0.4,79,44%
scenario 82,20%,80%,0.4,80,44%
scenario 83,20%,90%,0.4,81,43%
scenario 84,20%,100%,0.4,81,43%
scenario 85,20%,150%,0.4,83,43%
scenario 86,20%,200%,0.4,85,43%
scenario 87,20%,250%,0.4,86,43%
scenario 88,20%,300%,0.4,86,43%
scenario 89,20%,-70%,0.2,65,73%
scenario 90,20%,-60%,0.2,65,57%
scenario 91,20%,-50%,0.2,65,51%
scenario 92,20%,-40%,0.2,65,48%
scenario 93,20%,-30%,0.2,65,46%
scenario 94,20%,-20%,0.2,65,45%
scenario 95,20%,-10%,0.2,26,45%
scenario 96,20%,0%,0.2,45,45%
scenario 97,20%,10%,0.2,56,44%
scenario 98,20%,20%,0.2,63,44%
scenario 99,20%,30%,0.2,68,44%
scenario 100,20%,40%,0.2,71,44%
scenario 101,20%,50%,0.2,74,44%
scenario 102,20%,60%,0.2,75,44%
scenario 103,20%,70%,0.2,77,44%
scenario 104,20%,80%,0.2,78,44%
scenario 105,20%,90%,0.2,79,44%
scenario 106,20%,100%,0.2,80,44%
scenario 107,20%,150%,0.2,83,43%
scenario 108,20%,200%,0.2,84,43%
scenario 109,20%,250%,0.2,85,43%
scenario 110,20%,300%,0.2,86,43%
scenario 111,40%,-70%,1,36,100%
scenario 112,40%,-60%,1,45,100%
scenario 113,40%,-50%,1,51,100%
scenario 114,40%,-40%,1,56,100%
scenario 115,40%,-30%,1,60,100%
scenario 116,40%,-20%,1,63,100%
scenario 117,40%,-10%,1,66,98%
scenario 118,40%,0%,1,68,95%
scenario 119,40%,10%,1,70,93%
scenario 120,40%,20%,1,71,89%
scenario 121,40%,30%,1,72,81%
scenario 122,40%,40%,1,74,73%
scenario 123,40%,50%,1,75,69%
scenario 124,40%,60%,1,75,69%
scenario 125,40%,70%,1,76,65%
scenario 126,40%,80%,1,77,64%
scenario 127,40%,90%,1,78,63%
scenario 128,40%,100%,1,78,62%
scenario 129,40%,150%,1,80,62%
scenario 130,40%,200%,1,82,62%
scenario 131,40%,250%,1,83,61%
scenario 132,40%,300%,1,84,61%
scenario 133,40%,-70%,0.8,14,100%
scenario 134,40%,-60%,0.8,26,100%
scenario 135,40%,-50%,0.8,36,100%
scenario 136,40%,-40%,0.8,45,100%
scenario 137,40%,-30%,0.8,51,98%
scenario 138,40%,-20%,0.8,56,95%
scenario 139,40%,-10%,0.8,60,93%
scenario 140,40%,0%,0.8,63,89%
scenario 141,40%,10%,0.8,66,81%
scenario 142,40%,20%,0.8,68,73%
scenario 143,40%,30%,0.8,70,69%
scenario 144,40%,40%,0.8,71,67%
scenario 145,40%,50%,0.8,72,65%
scenario 146,40%,60%,0.8,74,64%
scenario 147,40%,70%,0.8,75,63%
scenario 148,40%,80%,0.8,75,63%
scenario 149,40%,90%,0.8,76,62%
scenario 150,40%,100%,0.8,77,62%
scenario 151,40%,150%,0.8,80,62%
scenario 152,40%,200%,0.8,81,61%
scenario 153,40%,250%,0.8,83,61%
scenario 154,40%,300%,0.8,83,61%
scenario 155,40%,-70%,0.6,65,100%
scenario 156,40%,-60%,0.6,65,100%
scenario 157,40%,-50%,0.6,14,98%
scenario 158,40%,-40%,0.6,26,95%
scenario 159,40%,-30%,0.6,36,93%
scenario 160,40%,-20%,0.6,45,89%
scenario 161,40%,-10%,0.6,51,81%
scenario 162,40%,0%,0.6,56,73%
scenario 163,40%,10%,0.6,60,69%
scenario 164,40%,20%,0.6,63,66%
scenario 165,40%,30%,0.6,66,65%
scenario 166,40%,40%,0.6,68,64%
scenario 167,40%,50%,0.6,70,64%
scenario 168,40%,60%,0.6,71,63%
scenario 169,40%,70%,0.6,72,62%
scenario 170,40%,80%,0.6,74,62%
scenario 171,40%,90%,0.6,75,62%
scenario 172,40%,100%,0.6,75,61%
scenario 173,40%,150%,0.6,79,61%
scenario 174,40%,200%,0.6,81,61%
scenario 175,40%,250%,0.6,82,61%
scenario 176,40%,300%,0.6,83,61%
scenario 177,40%,-70%,0.4,65,98%
scenario 178,40%,-60%,0.4,65,95%
scenario 179,40%,-50%,0.4,65,93%
scenario 180,40%,-40%,0.4,65,89%
scenario 181,40%,-30%,0.4,14,81%
scenario 182,40%,-20%,0.4,26,73%
scenario 183,40%,-10%,0.4,36,69%
scenario 184,40%,0%,0.4,45,67%
scenario 185,40%,10%,0.4,51,65%
scenario 186,40%,20%,0.4,56,65%
scenario 187,40%,30%,0.4,60,64%
scenario 188,40%,40%,0.4,63,63%
scenario 189,40%,50%,0.4,66,62%
scenario 190,40%,60%,0.4,68,62%
scenario 191,40%,70%,0.4,70,62%
scenario 192,40%,80%,0.4,71,62%
scenario 193,40%,90%,0.4,72,62%
scenario 194,40%,100%,0.4,74,61%
scenario 195,40%,150%,0.4,78,61%
scenario 196,40%,200%,0.4,80,61%
scenario 197,40%,250%,0.4,82,61%
scenario 198,40%,300%,0.4,83,61%
scenario 199,40%,-70%,0.2,65,93%
scenario 200,40%,-60%,0.2,65,89%
scenario 201,40%,-50%,0.2,65,81%
scenario 202,40%,-40%,0.2,65,73%
scenario 203,40%,-30%,0.2,65,69%
scenario 204,40%,-20%,0.2,65,67%
scenario 205,40%,-10%,0.2,14,65%
scenario 206,40%,0%,0.2,26,64%
scenario 207,40%,10%,0.2,36,63%
scenario 208,40%,20%,0.2,45,63%
scenario 209,40%,30%,0.2,51,62%
scenario 210,40%,40%,0.2,56,62%
scenario 211,40%,50%,0.2,60,62%
scenario 212,40%,60%,0.2,63,62%
scenario 213,40%,70%,0.2,66,62%
scenario 214,40%,80%,0.2,68,62%
scenario 215,40%,90%,0.2,70,62%
scenario 216,40%,100%,0.2,71,61%
scenario 217,40%,150%,0.2,76,61%
scenario 218,40%,200%,0.2,79,61%
scenario 219,40%,250%,0.2,81,61%
scenario 220,40%,300%,0.2,82,61%
scenario 221,60%,-70%,1,26,100%
scenario 222,60%,-60%,1,33,100%
scenario 223,60%,-50%,1,39,100%
scenario 224,60%,-40%,1,45,100%
scenario 225,60%,-30%,1,49,100%
scenario 226,60%,-20%,1,53,99%
scenario 227,60%,-10%,1,56,97%
scenario 228,60%,0%,1,59,95%
scenario 229,60%,10%,1,61,94%
scenario 230,60%,20%,1,63,93%
scenario 231,60%,30%,1,65,91%
scenario 232,60%,40%,1,66,86%
scenario 233,60%,50%,1,68,82%
scenario 234,60%,60%,1,69,79%
scenario 235,60%,70%,1,70,78%
scenario 236,60%,80%,1,71,76%
scenario 237,60%,90%,1,72,75%
scenario 238,60%,100%,1,73,74%
scenario 239,60%,150%,1,76,74%
scenario 240,60%,200%,1,78,73%
scenario 241,60%,250%,1,80,73%
scenario 242,60%,300%,1,81,72%
scenario 243,60%,-70%,0.8,9,100%
scenario 244,60%,-60%,0.8,18,100%
scenario 245,60%,-50%,0.8,26,100%
scenario 246,60%,-40%,0.8,33,100%
scenario 247,60%,-30%,0.8,39,99%
scenario 248,60%,-20%,0.8,45,97%
scenario 249,60%,-10%,0.8,49,95%
scenario 250,60%,0%,0.8,53,94%
scenario 251,60%,10%,0.8,56,93%
scenario 252,60%,20%,0.8,59,91%
scenario 253,60%,30%,0.8,61,86%
scenario 254,60%,40%,0.8,63,82%
scenario 255,60%,50%,0.8,65,79%
scenario 256,60%,60%,0.8,66,78%
scenario 257,60%,70%,0.8,68,76%
scenario 258,60%,80%,0.8,69,75%
scenario 259,60%,90%,0.8,70,74%
scenario 260,60%,100%,0.8,71,74%
scenario 261,60%,150%,0.8,75,73%
scenario 262,60%,200%,0.8,77,73%
scenario 263,60%,250%,0.8,79,72%
scenario 264,60%,300%,0.8,81,72%
scenario 265,60%,-70%,0.6,65,100%
scenario 266,60%,-60%,0.6,65,100%
scenario 267,60%,-50%,0.6,9,99%
scenario 268,60%,-40%,0.6,18,97%
scenario 269,60%,-30%,0.6,26,95%
scenario 270,60%,-20%,0.6,33,94%
scenario 271,60%,-10%,0.6,39,93%
scenario 272,60%,0%,0.6,45,91%
scenario 273,60%,10%,0.6,49,86%
scenario 274,60%,20%,0.6,53,82%
scenario 275,60%,30%,0.6,56,79%
scenario 276,60%,40%,0.6,59,78%
scenario 277,60%,50%,0.6,61,76%
scenario 278,60%,60%,0.6,63,75%
scenario 279,60%,70%,0.6,65,74%
scenario 280,60%,80%,0.6,66,74%
scenario 281,60%,90%,0.6,68,73%
scenario 282,60%,100%,0.6,69,73%
scenario 283,60%,150%,0.6,74,72%
scenario 284,60%,200%,0.6,77,72%
scenario 285,60%,250%,0.6,79,72%
scenario 286,60%,300%,0.6,80,71%
scenario 287,60%,-70%,0.4,65,99%
scenario 288,60%,-60%,0.4,65,97%
scenario 289,60%,-50%,0.4,65,95%
scenario 290,60%,-40%,0.4,65,94%
scenario 291,60%,-30%,0.4,9,93%
scenario 292,60%,-20%,0.4,18,91%
scenario 293,60%,-10%,0.4,26,86%
scenario 294,60%,0%,0.4,33,82%
scenario 295,60%,10%,0.4,39,79%
scenario 296,60%,20%,0.4,45,77%
scenario 297,60%,30%,0.4,49,76%
scenario 298,60%,40%,0.4,53,75%
scenario 299,60%,50%,0.4,56,74%
scenario 300,60%,60%,0.4,59,73%
scenario 301,60%,70%,0.4,61,73%
scenario 302,60%,80%,0.4,63,73%
scenario 303,60%,90%,0.4,65,73%
scenario 304,60%,100%,0.4,66,72%
scenario 305,60%,150%,0.4,72,72%
scenario 306,60%,200%,0.4,75,72%
scenario 307,60%,250%,0.4,78,72%
scenario 308,60%,300%,0.4,79,71%
scenario 309,60%,-70%,0.2,65,95%
scenario 310,60%,-60%,0.2,65,94%
scenario 311,60%,-50%,0.2,65,93%
scenario 312,60%,-40%,0.2,65,91%
scenario 313,60%,-30%,0.2,65,86%
scenario 314,60%,-20%,0.2,65,82%
scenario 315,60%,-10%,0.2,9,79%
scenario 316,60%,0%,0.2,18,77%
scenario 317,60%,10%,0.2,26,76%
scenario 318,60%,20%,0.2,33,75%
scenario 319,60%,30%,0.2,39,74%
scenario 320,60%,40%,0.2,45,73%
scenario 321,60%,50%,0.2,49,73%
scenario 322,60%,60%,0.2,53,73%
scenario 323,60%,70%,0.2,56,73%
scenario 324,60%,80%,0.2,59,72%
scenario 325,60%,90%,0.2,61,72%
scenario 326,60%,100%,0.2,63,72%
scenario 327,60%,150%,0.2,70,72%
scenario 328,60%,200%,0.2,74,72%
scenario 329,60%,250%,0.2,77,72%
scenario 330,60%,300%,0.2,79,71%
scenario 331,80%,-70%,1,20,100%
scenario 332,80%,-60%,1,26,100%
scenario 333,80%,-50%,1,32,100%
scenario 334,80%,-40%,1,36,100%
scenario 335,80%,-30%,1,41,100%
scenario 336,80%,-20%,1,45,100%
scenario 337,80%,-10%,1,48,98%
scenario 338,80%,0%,1,51,96%
scenario 339,80%,10%,1,53,96%
scenario 340,80%,20%,1,56,95%
scenario 341,80%,30%,1,58,94%
scenario 342,80%,40%,1,60,94%
scenario 343,80%,50%,1,61,92%
scenario 344,80%,60%,1,63,88%
scenario 345,80%,70%,1,64,86%
scenario 346,80%,80%,1,66,84%
scenario 347,80%,90%,1,67,83%
scenario 348,80%,100%,1,68,81%
scenario 349,80%,150%,1,72,80%
scenario 350,80%,200%,1,75,80%
scenario 351,80%,250%,1,77,80%
scenario 352,80%,300%,1,78,79%
scenario 353,80%,-70%,0.8,7,100%
scenario 354,80%,-60%,0.8,14,100%
scenario 355,80%,-50%,0.8,20,100%
scenario 356,80%,-40%,0.8,26,100%
scenario 357,80%,-30%,0.8,32,100%
scenario 358,80%,-20%,0.8,36,98%
scenario 359,80%,-10%,0.8,41,96%
scenario 360,80%,0%,0.8,45,96%
scenario 361,80%,10%,0.8,48,95%
scenario 362,80%,20%,0.8,51,94%
scenario 363,80%,30%,0.8,53,94%
scenario 364,80%,40%,0.8,56,92%
scenario 365,80%,50%,0.8,58,88%
scenario 366,80%,60%,0.8,60,86%
scenario 367,80%,70%,0.8,61,84%
scenario 368,80%,80%,0.8,63,83%
scenario 369,80%,90%,0.8,64,81%
scenario 370,80%,100%,0.8,66,80%
scenario 371,80%,150%,0.8,70,80%
scenario 372,80%,200%,0.8,74,80%
scenario 373,80%,250%,0.8,76,79%
scenario 374,80%,300%,0.8,78,79%
scenario 375,80%,-70%,0.6,65,100%
scenario 376,80%,-60%,0.6,65,100%
scenario 377,80%,-50%,0.6,7,100%
scenario 378,80%,-40%,0.6,14,96%
scenario 379,80%,-30%,0.6,20,96%
scenario 380,80%,-20%,0.6,26,95%
scenario 381,80%,-10%,0.6,32,94%
scenario 382,80%,0%,0.6,36,94%
scenario 383,80%,10%,0.6,41,92%
scenario 384,80%,20%,0.6,45,88%
scenario 385,80%,30%,0.6,48,86%
scenario 386,80%,40%,0.6,51,84%
scenario 387,80%,50%,0.6,53,83%
scenario 388,80%,60%,0.6,56,81%
scenario 389,80%,70%,0.6,58,80%
scenario 390,80%,80%,0.6,60,80%
scenario 391,80%,90%,0.6,61,80%
scenario 392,80%,100%,0.6,63,79%
scenario 393,80%,150%,0.6,69,79%
scenario 394,80%,200%,0.6,72,78%
scenario 395,80%,250%,0.6,75,78%
scenario 396,80%,300%,0.6,77,78%
scenario 397,80%,-70%,0.4,65,100%
scenario 398,80%,-60%,0.4,65,98%
scenario 399,80%,-50%,0.4,65,96%
scenario 400,80%,-40%,0.4,65,96%
scenario 401,80%,-30%,0.4,7,95%
scenario 402,80%,-20%,0.4,14,94%
scenario 403,80%,-10%,0.4,20,94%
scenario 404,80%,0%,0.4,26,92%
scenario 405,80%,10%,0.4,32,88%
scenario 406,80%,20%,0.4,36,86%
scenario 407,80%,30%,0.4,41,84%
scenario 408,80%,40%,0.4,45,83%
scenario 409,80%,50%,0.4,48,81%
scenario 410,80%,60%,0.4,51,80%
scenario 411,80%,70%,0.4,53,80%
scenario 412,80%,80%,0.4,56,80%
scenario 413,80%,90%,0.4,58,79%
scenario 414,80%,100%,0.4,60,79%
scenario 415,80%,150%,0.4,67,78%
scenario 416,80%,200%,0.4,71,78%
scenario 417,80%,250%,0.4,74,78%
scenario 418,80%,300%,0.4,76,78%
scenario 419,80%,-70%,0.2,65,96%
scenario 420,80%,-60%,0.2,65,96%
scenario 421,80%,-50%,0.2,65,95%
scenario 422,80%,-40%,0.2,65,94%
scenario 423,80%,-30%,0.2,65,94%
scenario 424,80%,-20%,0.2,65,92%
scenario 425,80%,-10%,0.2,7,88%
scenario 426,80%,0%,0.2,14,86%
scenario 427,80%,10%,0.2,20,84%
scenario 428,80%,20%,0.2,26,83%
scenario 429,80%,30%,0.2,32,81%
scenario 430,80%,40%,0.2,36,81%
scenario 431,80%,50%,0.2,41,80%
scenario 432,80%,60%,0.2,45,80%
scenario 433,80%,70%,0.2,48,79%
scenario 434,80%,80%,0.2,51,79%
scenario 435,80%,90%,0.2,53,79%
scenario 436,80%,100%,0.2,56,78%
scenario 437,80%,150%,0.2,64,78%
scenario 438,80%,200%,0.2,70,78%
scenario 439,80%,250%,0.2,73,78%
scenario 440,80%,300%,0.2,75,77%
scenario 441,100%,-70%,1,16,100%
scenario 442,100%,-60%,1,21,100%
scenario 443,100%,-50%,1,26,100%
scenario 444,100%,-40%,1,30,100%
scenario 445,100%,-30%,1,34,100%
scenario 446,100%,-20%,1,38,100%
scenario 447,100%,-10%,1,41,100%
scenario 448,100%,0%,1,45,99%
scenario 449,100%,10%,1,47,97%
scenario 450,100%,20%,1,50,97%
scenario 451,100%,30%,1,52,96%
scenario 452,100%,40%,1,54,96%
scenario 453,100%,50%,1,56,95%
scenario 454,100%,60%,1,57,95%
scenario 455,100%,70%,1,59,94%
scenario 456,100%,80%,1,60,93%
scenario 457,100%,90%,1,62,91%
scenario 458,100%,100%,1,63,89%
scenario 459,100%,150%,1,68,87%
scenario 460,100%,200%,1,71,87%
scenario 461,100%,250%,1,74,85%
scenario 462,100%,300%,1,75,85%
scenario 463,100%,-70%,0.8,5,100%
scenario 464,100%,-60%,0.8,11,100%
scenario 465,100%,-50%,0.8,16,100%
scenario 466,100%,-40%,0.8,21,100%
scenario 467,100%,-30%,0.8,26,100%
scenario 468,100%,-20%,0.8,30,99%
scenario 469,100%,-10%,0.8,34,97%
scenario 470,100%,0%,0.8,38,97%
scenario 471,100%,10%,0.8,41,96%
scenario 472,100%,20%,0.8,45,96%
scenario 473,100%,30%,0.8,47,95%
scenario 474,100%,40%,0.8,50,95%
scenario 475,100%,50%,0.8,52,94%
scenario 476,100%,60%,0.8,54,93%
scenario 477,100%,70%,0.8,56,91%
scenario 478,100%,80%,0.8,57,89%
scenario 479,100%,90%,0.8,59,87%
scenario 480,100%,100%,0.8,60,87%
scenario 481,100%,150%,0.8,66,85%
scenario 482,100%,200%,0.8,70,85%
scenario 483,100%,250%,0.8,73,84%
scenario 484,100%,300%,0.8,75,84%
scenario 485,100%,-70%,0.6,65,100%
scenario 486,100%,-60%,0.6,65,100%
scenario 487,100%,-50%,0.6,5,100%
scenario 488,100%,-40%,0.6,11,99%
scenario 489,100%,-30%,0.6,16,97%
scenario 490,100%,-20%,0.6,21,97%
scenario 491,100%,-10%,0.6,26,96%
scenario 492,100%,0%,0.6,30,96%
scenario 493,100%,10%,0.6,34,95%
scenario 494,100%,20%,0.6,38,95%
scenario 495,100%,30%,0.6,41,94%
scenario 496,100%,40%,0.6,45,93%
scenario 497,100%,50%,0.6,47,91%
scenario 498,100%,60%,0.6,50,89%
scenario 499,100%,70%,0.6,52,87%
scenario 500,100%,80%,0.6,54,87%
scenario 501,100%,90%,0.6,56,85%
scenario 502,100%,100%,0.6,57,85%
scenario 503,100%,150%,0.6,64,84%
scenario 504,100%,200%,0.6,68,84%
scenario 505,100%,250%,0.6,72,83%
scenario 506,100%,300%,0.6,74,82%
scenario 507,100%,-70%,0.4,65,100%
scenario 508,100%,-60%,0.4,65,99%
scenario 509,100%,-50%,0.4,65,97%
scenario 510,100%,-40%,0.4,65,97%
scenario 511,100%,-30%,0.4,5,96%
scenario 512,100%,-20%,0.4,11,96%
scenario 513,100%,-10%,0.4,16,95%
scenario 514,100%,0%,0.4,21,95%
scenario 515,100%,10%,0.4,26,94%
scenario 516,100%,20%,0.4,30,93%
scenario 517,100%,30%,0.4,34,91%
scenario 518,100%,40%,0.4,38,89%
scenario 519,100%,50%,0.4,41,87%
scenario 520,100%,60%,0.4,45,87%
scenario 521,100%,70%,0.4,47,85%
scenario 522,100%,80%,0.4,50,85%
scenario 523,100%,90%,0.4,52,84%
scenario 524,100%,100%,0.4,54,84%
scenario 525,100%,150%,0.4,62,83%
scenario 526,100%,200%,0.4,67,82%
scenario 527,100%,250%,0.4,70,82%
scenario 528,100%,300%,0.4,73,82%
scenario 529,100%,-70%,0.2,65,97%
scenario 530,100%,-60%,0.2,65,97%
scenario 531,100%,-50%,0.2,65,96%
scenario 532,100%,-40%,0.2,65,96%
scenario 533,100%,-30%,0.2,65,95%
scenario 534,100%,-20%,0.2,65,95%
scenario 535,100%,-10%,0.2,5,95%
scenario 536,100%,0%,0.2,11,93%
scenario 537,100%,10%,0.2,16,91%
scenario 538,100%,20%,0.2,21,89%
scenario 539,100%,30%,0.2,26,87%
scenario 540,100%,40%,0.2,30,87%
scenario 541,100%,50%,0.2,34,86%
scenario 542,100%,60%,0.2,38,85%
scenario 543,100%,70%,0.2,41,84%
scenario 544,100%,80%,0.2,45,84%
scenario 545,100%,90%,0.2,47,84%
scenario 546,100%,100%,0.2,50,84%
scenario 547,100%,150%,0.2,59,83%
scenario 548,100%,200%,0.2,65,82%
scenario 549,100%,250%,0.2,69,82%
scenario 550,100%,300%,0.2,72,82%
scenario 551,120%,-70%,1,14,100%
scenario 552,120%,-60%,1,18,100%
scenario 553,120%,-50%,1,22,100%
scenario 554,120%,-40%,1,26,100%
scenario 555,120%,-30%,1,30,100%
scenario 556,120%,-20%,1,33,100%
scenario 557,120%,-10%,1,36,100%
scenario 558,120%,0%,1,39,99%
scenario 559,120%,10%,1,42,98%
scenario 560,120%,20%,1,45,97%
scenario 561,120%,30%,1,47,97%
scenario 562,120%,40%,1,49,96%
scenario 563,120%,50%,1,51,96%
scenario 564,120%,60%,1,53,96%
scenario 565,120%,70%,1,54,96%
scenario 566,120%,80%,1,56,96%
scenario 567,120%,90%,1,57,95%
scenario 568,120%,100%,1,59,94%
scenario 569,120%,150%,1,64,92%
scenario 570,120%,200%,1,68,91%
scenario 571,120%,250%,1,71,90%
scenario 572,120%,300%,1,73,89%
scenario 573,120%,-70%,0.8,4,100%
scenario 574,120%,-60%,0.8,9,100%
scenario 575,120%,-50%,0.8,14,100%
scenario 576,120%,-40%,0.8,18,100%
scenario 577,120%,-30%,0.8,22,100%
scenario 578,120%,-20%,0.8,26,99%
scenario 579,120%,-10%,0.8,30,98%
scenario 580,120%,0%,0.8,33,97%
scenario 581,120%,10%,0.8,36,97%
scenario 582,120%,20%,0.8,39,96%
scenario 583,120%,30%,0.8,42,96%
scenario 584,120%,40%,0.8,45,96%
scenario 585,120%,50%,0.8,47,96%
scenario 586,120%,60%,0.8,49,96%
scenario 587,120%,70%,0.8,51,95%
scenario 588,120%,80%,0.8,53,94%
scenario 589,120%,90%,0.8,54,92%
scenario 590,120%,100%,0.8,56,91%
scenario 591,120%,150%,0.8,62,90%
scenario 592,120%,200%,0.8,66,89%
scenario 593,120%,250%,0.8,70,88%
scenario 594,120%,300%,0.8,72,85%
scenario 595,120%,-70%,0.6,65,100%
scenario 596,120%,-60%,0.6,65,100%
scenario 597,120%,-50%,0.6,4,100%
scenario 598,120%,-40%,0.6,9,99%
scenario 599,120%,-30%,0.6,14,98%
scenario 600,120%,-20%,0.6,18,97%
scenario 601,120%,-10%,0.6,22,97%
scenario 602,120%,0%,0.6,26,96%
scenario 603,120%,10%,0.6,30,96%
scenario 604,120%,20%,0.6,33,96%
scenario 605,120%,30%,0.6,36,96%
scenario 606,120%,40%,0.6,39,96%
scenario 607,120%,50%,0.6,42,95%
scenario 608,120%,60%,0.6,45,94%
scenario 609,120%,70%,0.6,47,92%
scenario 610,120%,80%,0.6,49,91%
scenario 611,120%,90%,0.6,51,90%
scenario 612,120%,100%,0.6,53,89%
scenario 613,120%,150%,0.6,60,88%
scenario 614,120%,200%,0.6,65,87%
scenario 615,120%,250%,0.6,68,86%
scenario 616,120%,300%,0.6,71,85%
scenario 617,120%,-70%,0.4,65,100%
scenario 618,120%,-60%,0.4,65,100%
scenario 619,120%,-50%,0.4,65,98%
scenario 620,120%,-40%,0.4,65,97%
scenario 621,120%,-30%,0.4,4,97%
scenario 622,120%,-20%,0.4,9,96%
scenario 623,120%,-10%,0.4,14,96%
scenario 624,120%,0%,0.4,18,96%
scenario 625,120%,10%,0.4,22,96%
scenario 626,120%,20%,0.4,26,96%
scenario 627,120%,30%,0.4,30,95%
scenario 628,120%,40%,0.4,33,94%
scenario 629,120%,50%,0.4,36,92%
scenario 630,120%,60%,0.4,39,91%
scenario 631,120%,70%,0.4,42,90%
scenario 632,120%,80%,0.4,45,89%
scenario 633,120%,90%,0.4,47,88%
scenario 634,120%,100%,0.4,49,87%
scenario 635,120%,150%,0.4,57,86%
scenario 636,120%,200%,0.4,63,85%
scenario 637,120%,250%,0.4,67,85%
scenario 638,120%,300%,0.4,70,84%
scenario 639,120%,-70%,0.2,65,98%
scenario 640,120%,-60%,0.2,65,97%
scenario 641,120%,-50%,0.2,65,97%
scenario 642,120%,-40%,0.2,65,96%
scenario 643,120%,-30%,0.2,65,96%
scenario 644,120%,-20%,0.2,65,96%
scenario 645,120%,-10%,0.2,4,96%
scenario 646,120%,0%,0.2,9,96%
scenario 647,120%,10%,0.2,14,95%
scenario 648,120%,20%,0.2,18,94%
scenario 649,120%,30%,0.2,22,91%
scenario 650,120%,40%,0.2,26,89%
scenario 651,120%,50%,0.2,30,89%
scenario 652,120%,60%,0.2,33,88%
scenario 653,120%,70%,0.2,36,88%
scenario 654,120%,80%,0.2,39,87%
scenario 655,120%,90%,0.2,42,87%
scenario 656,120%,100%,0.2,45,86%
scenario 657,120%,150%,0.2,54,86%
scenario 658,120%,200%,0.2,61,85%
scenario 659,120%,250%,0.2,66,85%
scenario 660,120%,300%,0.2,69,84%
scenario 661,140%,-70%,1,12,99%
scenario 662,140%,-60%,1,15,99%
scenario 663,140%,-50%,1,19,99%
scenario 664,140%,-40%,1,23,99%
scenario 665,140%,-30%,1,26,99%
scenario 666,140%,-20%,1,29,99%
scenario 667,140%,-10%,1,32,99%
scenario 668,140%,0%,1,35,99%
scenario 669,140%,10%,1,38,98%
scenario 670,140%,20%,1,40,97%
scenario 671,140%,30%,1,42,97%
scenario 672,140%,40%,1,45,97%
scenario 673,140%,50%,1,46,97%
scenario 674,140%,60%,1,48,96%
scenario 675,140%,70%,1,50,96%
scenario 676,140%,80%,1,52,96%
scenario 677,140%,90%,1,53,96%
scenario 678,140%,100%,1,55,96%
scenario 679,140%,150%,1,60,95%
scenario 680,140%,200%,1,64,94%
scenario 681,140%,250%,1,68,93%
scenario 682,140%,300%,1,70,92%
scenario 683,140%,-70%,0.8,4,99%
scenario 684,140%,-60%,0.8,8,99%
scenario 685,140%,-50%,0.8,12,99%
scenario 686,140%,-40%,0.8,15,99%
scenario 687,140%,-30%,0.8,19,99%
scenario 688,140%,-20%,0.8,23,99%
scenario 689,140%,-10%,0.8,26,98%
scenario 690,140%,0%,0.8,29,97%
scenario 691,140%,10%,0.8,32,97%
scenario 692,140%,20%,0.8,35,97%
scenario 693,140%,30%,0.8,38,97%
scenario 694,140%,40%,0.8,40,96%
scenario 695,140%,50%,0.8,42,96%
scenario 696,140%,60%,0.8,45,96%
scenario 697,140%,70%,0.8,46,96%
scenario 698,140%,80%,0.8,48,96%
scenario 699,140%,90%,0.8,50,95%
scenario 700,140%,100%,0.8,52,94%
scenario 701,140%,150%,0.8,58,93%
scenario 702,140%,200%,0.8,63,92%
scenario 703,140%,250%,0.8,67,91%
scenario 704,140%,300%,0.8,69,90%
scenario 705,140%,-70%,0.6,65,99%
scenario 706,140%,-60%,0.6,65,99%
scenario 707,140%,-50%,0.6,4,99%
scenario 708,140%,-40%,0.6,8,99%
scenario 709,140%,-30%,0.6,12,98%
scenario 710,140%,-20%,0.6,15,97%
scenario 711,140%,-10%,0.6,19,97%
scenario 712,140%,0%,0.6,23,97%
scenario 713,140%,10%,0.6,26,97%
scenario 714,140%,20%,0.6,29,96%
scenario 715,140%,30%,0.6,32,96%
scenario 716,140%,40%,0.6,35,96%
scenario 717,140%,50%,0.6,38,96%
scenario 718,140%,60%,0.6,40,96%
scenario 719,140%,70%,0.6,42,95%
scenario 720,140%,80%,0.6,45,94%
scenario 721,140%,90%,0.6,46,93%
scenario 722,140%,100%,0.6,48,92%
scenario 723,140%,150%,0.6,56,91%
scenario 724,140%,200%,0.6,61,90%
scenario 725,140%,250%,0.6,65,88%
scenario 726,140%,300%,0.6,68,87%
scenario 727,140%,-70%,0.4,65,99%
scenario 728,140%,-60%,0.4,65,99%
scenario 729,140%,-50%,0.4,65,98%
scenario 730,140%,-40%,0.4,65,97%
scenario 731,140%,-30%,0.4,4,97%
scenario 732,140%,-20%,0.4,8,97%
scenario 733,140%,-10%,0.4,12,97%
scenario 734,140%,0%,0.4,15,96%
scenario 735,140%,10%,0.4,19,96%
scenario 736,140%,20%,0.4,23,96%
scenario 737,140%,30%,0.4,26,96%
scenario 738,140%,40%,0.4,29,96%
scenario 739,140%,50%,0.4,32,95%
scenario 740,140%,60%,0.4,35,94%
scenario 741,140%,70%,0.4,38,93%
scenario 742,140%,80%,0.4,40,92%
scenario 743,140%,90%,0.4,42,91%
scenario 744,140%,100%,0.4,45,90%
scenario 745,140%,150%,0.4,53,88%
scenario 746,140%,200%,0.4,59,87%
scenario 747,140%,250%,0.4,64,87%
scenario 748,140%,300%,0.4,67,87%
scenario 749,140%,-70%,0.2,65,98%
scenario 750,140%,-60%,0.2,65,97%
scenario 751,140%,-50%,0.2,65,97%
scenario 752,140%,-40%,0.2,65,97%
scenario 753,140%,-30%,0.2,65,97%
scenario 754,140%,-20%,0.2,65,96%
scenario 755,140%,-10%,0.2,4,96%
scenario 756,140%,0%,0.2,8,96%
scenario 757,140%,10%,0.2,12,96%
scenario 758,140%,20%,0.2,15,96%
scenario 759,140%,30%,0.2,19,95%
scenario 760,140%,40%,0.2,23,94%
scenario 761,140%,50%,0.2,26,93%
scenario 762,140%,60%,0.2,29,92%
scenario 763,140%,70%,0.2,32,91%
scenario 764,140%,80%,0.2,35,90%
scenario 765,140%,90%,0.2,38,90%
scenario 766,140%,100%,0.2,40,89%
scenario 767,140%,150%,0.2,50,88%
scenario 768,140%,200%,0.2,57,87%
scenario 769,140%,250%,0.2,62,87%
scenario 770,140%,300%,0.2,66,87%
scenario 771,160%,-70%,1,10,100%
scenario 772,160%,-60%,1,14,100%
scenario 773,160%,-50%,1,17,100%
scenario 774,160%,-40%,1,20,100%
scenario 775,160%,-30%,1,23,100%
scenario 776,160%,-20%,1,26,100%
scenario 777,160%,-10%,1,29,100%
scenario 778,160%,0%,1,32,100%
scenario 779,160%,10%,1,34,99%
scenario 780,160%,20%,1,36,98%
scenario 781,160%,30%,1,39,97%
scenario 782,160%,40%,1,41,97%
scenario 783,160%,50%,1,43,97%
scenario 784,160%,60%,1,45,97%
scenario 785,160%,70%,1,46,97%
scenario 786,160%,80%,1,48,97%
scenario 787,160%,90%,1,49,97%
scenario 788,160%,100%,1,51,97%
scenario 789,160%,150%,1,57,96%
scenario 790,160%,200%,1,61,96%
scenario 791,160%,250%,1,65,95%
scenario 792,160%,300%,1,68,94%
scenario 793,160%,-70%,0.8,3,100%
scenario 794,160%,-60%,0.8,7,100%
scenario 795,160%,-50%,0.8,10,100%
scenario 796,160%,-40%,0.8,14,100%
scenario 797,160%,-30%,0.8,17,100%
scenario 798,160%,-20%,0.8,20,100%
scenario 799,160%,-10%,0.8,23,99%
scenario 800,160%,0%,0.8,26,98%
scenario 801,160%,10%,0.8,29,97%
scenario 802,160%,20%,0.8,32,97%
scenario 803,160%,30%,0.8,34,97%
scenario 804,160%,40%,0.8,36,97%
scenario 805,160%,50%,0.8,39,97%
scenario 806,160%,60%,0.8,41,97%
scenario 807,160%,70%,0.8,43,97%
scenario 808,160%,80%,0.8,45,97%
scenario 809,160%,90%,0.8,46,96%
scenario 810,160%,100%,0.8,48,96%
scenario 811,160%,150%,0.8,55,95%
scenario 812,160%,200%,0.8,60,94%
scenario 813,160%,250%,0.8,64,93%
scenario 814,160%,300%,0.8,67,92%
scenario 815,160%,-70%,0.6,65,100%
scenario 816,160%,-60%,0.6,65,100%
scenario 817,160%,-50%,0.6,3,100%
scenario 818,160%,-40%,0.6,7,99%
scenario 819,160%,-30%,0.6,10,98%
scenario 820,160%,-20%,0.6,14,97%
scenario 821,160%,-10%,0.6,17,97%
scenario 822,160%,0%,0.6,20,97%
scenario 823,160%,10%,0.6,23,97%
scenario 824,160%,20%,0.6,26,97%
scenario 825,160%,30%,0.6,29,97%
scenario 826,160%,40%,0.6,32,97%
scenario 827,160%,50%,0.6,34,97%
scenario 828,160%,60%,0.6,36,96%
scenario 829,160%,70%,0.6,39,96%
scenario 830,160%,80%,0.6,41,95%
scenario 831,160%,90%,0.6,43,94%
scenario 832,160%,100%,0.6,45,93%
scenario 833,160%,150%,0.6,52,92%
scenario 834,160%,200%,0.6,58,90%
scenario 835,160%,250%,0.6,62,89%
scenario 836,160%,300%,0.6,66,89%
scenario 837,160%,-70%,0.4,65,100%
scenario 838,160%,-60%,0.4,65,100%
scenario 839,160%,-50%,0.4,65,99%
scenario 840,160%,-40%,0.4,65,98%
scenario 841,160%,-30%,0.4,3,97%
scenario 842,160%,-20%,0.4,7,97%
scenario 843,160%,-10%,0.4,10,97%
scenario 844,160%,0%,0.4,14,97%
scenario 845,160%,10%,0.4,17,97%
scenario 846,160%,20%,0.4,20,97%
scenario 847,160%,30%,0.4,23,97%
scenario 848,160%,40%,0.4,26,97%
scenario 849,160%,50%,0.4,29,96%
scenario 850,160%,60%,0.4,32,96%
scenario 851,160%,70%,0.4,34,95%
scenario 852,160%,80%,0.4,36,94%
scenario 853,160%,90%,0.4,39,93%
scenario 854,160%,100%,0.4,41,92%
scenario 855,160%,150%,0.4,49,90%
scenario 856,160%,200%,0.4,56,89%
scenario 857,160%,250%,0.4,61,89%
scenario 858,160%,300%,0.4,64,88%
scenario 859,160%,-70%,0.2,65,99%
scenario 860,160%,-60%,0.2,65,98%
scenario 861,160%,-50%,0.2,65,97%
scenario 862,160%,-40%,0.2,65,97%
scenario 863,160%,-30%,0.2,65,97%
scenario 864,160%,-20%,0.2,65,97%
scenario 865,160%,-10%,0.2,3,97%
scenario 866,160%,0%,0.2,7,97%
scenario 867,160%,10%,0.2,10,97%
scenario 868,160%,20%,0.2,14,96%
scenario 869,160%,30%,0.2,17,96%
scenario 870,160%,40%,0.2,20,96%
scenario 871,160%,50%,0.2,23,96%
scenario 872,160%,60%,0.2,26,94%
scenario 873,160%,70%,0.2,29,93%
scenario 874,160%,80%,0.2,32,92%
scenario 875,160%,90%,0.2,34,92%
scenario 876,160%,100%,0.2,36,91%
scenario 877,160%,150%,0.2,46,90%
scenario 878,160%,200%,0.2,53,89%
scenario 879,160%,250%,0.2,59,89%
scenario 880,160%,300%,0.2,63,88%
scenario 881,180%,-70%,1,9,100%
scenario 882,180%,-60%,1,12,100%
scenario 883,180%,-50%,1,15,100%
scenario 884,180%,-40%,1,18,100%
scenario 885,180%,-30%,1,21,100%
scenario 886,180%,-20%,1,23,100%
scenario 887,180%,-10%,1,26,100%
scenario 888,180%,0%,1,29,100%
scenario 889,180%,10%,1,31,100%
scenario 890,180%,20%,1,33,99%
scenario 891,180%,30%,1,35,98%
scenario 892,180%,40%,1,37,98%
scenario 893,180%,50%,1,39,98%
scenario 894,180%,60%,1,41,98%
scenario 895,180%,70%,1,43,97%
scenario 896,180%,80%,1,45,97%
scenario 897,180%,90%,1,46,97%
scenario 898,180%,100%,1,48,97%
scenario 899,180%,150%,1,54,96%
scenario 900,180%,200%,1,59,95%
scenario 901,180%,250%,1,62,94%
scenario 902,180%,300%,1,65,91%
scenario 903,180%,-70%,0.8,3,100%
scenario 904,180%,-60%,0.8,6,100%
scenario 905,180%,-50%,0.8,9,100%
scenario 906,180%,-40%,0.8,12,100%
scenario 907,180%,-30%,0.8,15,100%
scenario 908,180%,-20%,0.8,18,100%
scenario 909,180%,-10%,0.8,21,99%
scenario 910,180%,0%,0.8,23,98%
scenario 911,180%,10%,0.8,26,98%
scenario 912,180%,20%,0.8,29,98%
scenario 913,180%,30%,0.8,31,98%
scenario 914,180%,40%,0.8,33,97%
scenario 915,180%,50%,0.8,35,97%
scenario 916,180%,60%,0.8,37,97%
scenario 917,180%,70%,0.8,39,97%
scenario 918,180%,80%,0.8,41,97%
scenario 919,180%,90%,0.8,43,97%
scenario 920,180%,100%,0.8,45,96%
scenario 921,180%,150%,0.8,51,96%
scenario 922,180%,200%,0.8,57,94%
scenario 923,180%,250%,0.8,61,90%
scenario 924,180%,300%,0.8,64,90%
scenario 925,180%,-70%,0.6,65,100%
scenario 926,180%,-60%,0.6,65,100%
scenario 927,180%,-50%,0.6,3,100%
scenario 928,180%,-40%,0.6,6,100%
scenario 929,180%,-30%,0.6,9,99%
scenario 930,180%,-20%,0.6,12,98%
scenario 931,180%,-10%,0.6,15,98%
scenario 932,180%,0%,0.6,18,98%
scenario 933,180%,10%,0.6,21,98%
scenario 934,180%,20%,0.6,23,97%
scenario 935,180%,30%,0.6,26,97%
scenario 936,180%,40%,0.6,29,97%
scenario 937,180%,50%,0.6,31,97%
scenario 938,180%,60%,0.6,33,97%
scenario 939,180%,70%,0.6,35,97%
scenario 940,180%,80%,0.6,37,97%
scenario 941,180%,90%,0.6,39,96%
scenario 942,180%,100%,0.6,41,95%
scenario 943,180%,150%,0.6,49,95%
scenario 944,180%,200%,0.6,55,92%
scenario 945,180%,250%,0.6,59,90%
scenario 946,180%,300%,0.6,63,90%
scenario 947,180%,-70%,0.4,65,100%
scenario 948,180%,-60%,0.4,65,100%
scenario 949,180%,-50%,0.4,65,99%
scenario 950,180%,-40%,0.4,65,98%
scenario 951,180%,-30%,0.4,3,98%
scenario 952,180%,-20%,0.4,6,98%
scenario 953,180%,-10%,0.4,9,98%
scenario 954,180%,0%,0.4,12,97%
scenario 955,180%,10%,0.4,15,97%
scenario 956,180%,20%,0.4,18,97%
scenario 957,180%,30%,0.4,21,97%
scenario 958,180%,40%,0.4,23,97%
scenario 959,180%,50%,0.4,26,97%
scenario 960,180%,60%,0.4,29,97%
scenario 961,180%,70%,0.4,31,97%
scenario 962,180%,80%,0.4,33,96%
scenario 963,180%,90%,0.4,35,95%
scenario 964,180%,100%,0.4,37,95%
scenario 965,180%,150%,0.4,46,92%
scenario 966,180%,200%,0.4,53,91%
scenario 967,180%,250%,0.4,58,91%
scenario 968,180%,300%,0.4,62,90%
scenario 969,180%,-70%,0.2,65,99%
scenario 970,180%,-60%,0.2,65,98%
scenario 971,180%,-50%,0.2,65,98%
scenario 972,180%,-40%,0.2,65,98%
scenario 973,180%,-30%,0.2,65,98%
scenario 974,180%,-20%,0.2,65,97%
scenario 975,180%,-10%,0.2,3,97%
scenario 976,180%,0%,0.2,6,97%
scenario 977,180%,10%,0.2,9,97%
scenario 978,180%,20%,0.2,12,97%
scenario 979,180%,30%,0.2,15,97%
scenario 980,180%,40%,0.2,18,97%
scenario 981,180%,50%,0.2,21,97%
scenario 982,180%,60%,0.2,23,96%
scenario 983,180%,70%,0.2,26,96%
scenario 984,180%,80%,0.2,29,95%
scenario 985,180%,90%,0.2,31,94%
scenario 986,180%,100%,0.2,33,93%
scenario 987,180%,150%,0.2,43,92%
scenario 988,180%,200%,0.2,50,91%
scenario 989,180%,250%,0.2,56,90%
scenario 990,180%,300%,0.2,60,90%
scenario 991,200%,-70%,1,8,100%
scenario 992,200%,-60%,1,11,100%
scenario 993,200%,-50%,1,14,100%
scenario 994,200%,-40%,1,16,100%
scenario 995,200%,-30%,1,19,100%
scenario 996,200%,-20%,1,21,100%
scenario 997,200%,-10%,1,24,100%
scenario 998,200%,0%,1,26,100%
scenario 999,200%,10%,1,28,99%
scenario 1000,200%,20%,1,30,98%
scenario 1001,200%,30%,1,33,98%
scenario 1002,200%,40%,1,34,98%
scenario 1003,200%,50%,1,36,98%
scenario 1004,200%,60%,1,38,98%
scenario 1005,200%,70%,1,40,98%
scenario 1006,200%,80%,1,41,97%
scenario 1007,200%,90%,1,43,97%
scenario 1008,200%,100%,1,45,97%
scenario 1009,200%,150%,1,51,97%
scenario 1010,200%,200%,1,56,94%
scenario 1011,200%,250%,1,60,93%
scenario 1012,200%,300%,1,63,91%
scenario 1013,200%,-70%,0.8,2,100%
scenario 1014,200%,-60%,0.8,5,100%
scenario 1015,200%,-50%,0.8,8,100%
scenario 1016,200%,-40%,0.8,11,100%
scenario 1017,200%,-30%,0.8,14,100%
scenario 1018,200%,-20%,0.8,16,100%
scenario 1019,200%,-10%,0.8,19,99%
scenario 1020,200%,0%,0.8,21,98%
scenario 1021,200%,10%,0.8,24,98%
scenario 1022,200%,20%,0.8,26,98%
scenario 1023,200%,30%,0.8,28,98%
scenario 1024,200%,40%,0.8,30,98%
scenario 1025,200%,50%,0.8,33,98%
scenario 1026,200%,60%,0.8,34,97%
scenario 1027,200%,70%,0.8,36,97%
scenario 1028,200%,80%,0.8,38,97%
scenario 1029,200%,90%,0.8,40,97%
scenario 1030,200%,100%,0.8,41,97%
scenario 1031,200%,150%,0.8,48,97%
scenario 1032,200%,200%,0.8,54,93%
scenario 1033,200%,250%,0.8,58,92%
scenario 1034,200%,300%,0.8,62,91%
scenario 1035,200%,-70%,0.6,65,100%
scenario 1036,200%,-60%,0.6,65,100%
scenario 1037,200%,-50%,0.6,2,100%
scenario 1038,200%,-40%,0.6,5,100%
scenario 1039,200%,-30%,0.6,8,100%
scenario 1040,200%,-20%,0.6,11,98%
scenario 1041,200%,-10%,0.6,14,98%
scenario 1042,200%,0%,0.6,16,98%
scenario 1043,200%,10%,0.6,19,98%
scenario 1044,200%,20%,0.6,21,98%
scenario 1045,200%,30%,0.6,24,98%
scenario 1046,200%,40%,0.6,26,97%
scenario 1047,200%,50%,0.6,28,97%
scenario 1048,200%,60%,0.6,30,97%
scenario 1049,200%,70%,0.6,33,97%
scenario 1050,200%,80%,0.6,34,97%
scenario 1051,200%,90%,0.6,36,97%
scenario 1052,200%,100%,0.6,38,97%
scenario 1053,200%,150%,0.6,46,94%
scenario 1054,200%,200%,0.6,52,93%
scenario 1055,200%,250%,0.6,57,92%
scenario 1056,200%,300%,0.6,60,91%
scenario 1057,200%,-70%,0.4,65,100%
scenario 1058,200%,-60%,0.4,65,100%
scenario 1059,200%,-50%,0.4,65,99%
scenario 1060,200%,-40%,0.4,65,98%
scenario 1061,200%,-30%,0.4,2,98%
scenario 1062,200%,-20%,0.4,5,98%
scenario 1063,200%,-10%,0.4,8,98%
scenario 1064,200%,0%,0.4,11,98%
scenario 1065,200%,10%,0.4,14,98%
scenario 1066,200%,20%,0.4,16,97%
scenario 1067,200%,30%,0.4,19,97%
scenario 1068,200%,40%,0.4,21,97%
scenario 1069,200%,50%,0.4,24,97%
scenario 1070,200%,60%,0.4,26,97%
scenario 1071,200%,70%,0.4,28,97%
scenario 1072,200%,80%,0.4,30,97%
scenario 1073,200%,90%,0.4,33,97%
scenario 1074,200%,100%,0.4,34,97%
scenario 1075,200%,150%,0.4,43,94%
scenario 1076,200%,200%,0.4,50,92%
scenario 1077,200%,250%,0.4,55,91%
scenario 1078,200%,300%,0.4,59,91%
scenario 1079,200%,-70%,0.2,65,99%
scenario 1080,200%,-60%,0.2,65,98%
scenario 1081,200%,-50%,0.2,65,98%
scenario 1082,200%,-40%,0.2,65,98%
scenario 1083,200%,-30%,0.2,65,98%
scenario 1084,200%,-20%,0.2,65,98%
scenario 1085,200%,-10%,0.2,2,98%
scenario 1086,200%,0%,0.2,5,97%
scenario 1087,200%,10%,0.2,8,97%
scenario 1088,200%,20%,0.2,11,97%
scenario 1089,200%,30%,0.2,14,97%
scenario 1090,200%,40%,0.2,16,97%
scenario 1091,200%,50%,0.2,19,97%
scenario 1092,200%,60%,0.2,21,97%
scenario 1093,200%,70%,0.2,24,97%
scenario 1094,200%,80%,0.2,26,97%
scenario 1095,200%,90%,0.2,28,96%
scenario 1096,200%,100%,0.2,30,95%
scenario 1097,200%,150%,0.2,40,93%
scenario 1098,200%,200%,0.2,47,92%
scenario 1099,200%,250%,0.2,53,91%
scenario 1100,200%,300%,0.2,57,91%
